Source Url,Target Url
https://safety.honeywell.com/en-us/products/by-brand/honeywell/705-ht-series-of-flammable-gas-sensors,https://safety.honeywell.com/en-us/products/by-category/gas-and-flame-detection/industrial-fixed/705-ht-series-of-flammable-gas-sensors
https://safety.honeywell.com/en-us/products/by-brand/honeywell/acm-150-ft-ir-centralized-gas-monitoring-system,https://safety.honeywell.com/en-us/products/by-category/gas-and-flame-detection/high-tech-and-government-systems/acm-150-ft-ir-centralized-gas-monitoring-system
https://safety.honeywell.com/en-us/products/by-brand/honeywell/additional-scba-accessories-able-to-be-installed-in-a-configured-scba-niosh-and-nfpa,https://safety.honeywell.com/en-us/products/by-hazard/chemical-splash/additional-scba-accessories-able-to-be-installed-in-a-configured-scba-niosh-and-nfpa
https://safety.honeywell.com/en-us/products/by-brand/honeywell/additional-scba-accessories-not-able-to-be-installed-in-a-configured-scba-niosh-and-nfpa,https://safety.honeywell.com/en-us/products/by-category/respiratory-protection/self-contained-breathing-apparatus-scba/additional-scba-accessories-not-able-to-be-installed-in-a-configured-scba-niosh-and-nfpa
https://safety.honeywell.com/en-us/products/by-brand/honeywell/bw-clip-series,https://safety.honeywell.com/en-us/products/by-category/gas-and-flame-detection/portables/bw-clip-series
https://safety.honeywell.com/en-us/products/by-brand/honeywell/gasalertmicro-5-series,https://safety.honeywell.com/en-us/products/by-category/gas-and-flame-detection/portables/gasalertmicro-5-series
https://safety.honeywell.com/en-us/products/by-brand/honeywell/gasalertquattro,https://safety.honeywell.com/en-us/products/by-category/gas-and-flame-detection/portables/gasalertquattro
https://safety.honeywell.com/en-us/products/by-brand/honeywell/gdvs--gas-detection-visualisation-solutions,https://safety.honeywell.com/en-us/products/by-category/gas-and-flame-detection/industrial-fixed/gdvs-gas-detection-visualisation-solutions
https://safety.honeywell.com/en-us/products/by-brand/honeywell/ha40-digital-gas-controller,https://safety.honeywell.com/en-us/products/by-category/gas-and-flame-detection/industrial-fixed/ha40-digital-gas-controller
https://safety.honeywell.com/en-us/products/by-brand/honeywell/ha71-digital-gas-controller,https://safety.honeywell.com/en-us/products/by-category/gas-and-flame-detection/industrial-fixed/ha71-digital-gas-controller
https://safety.honeywell.com/en-us/products/by-brand/honeywell/ha72-controller,https://safety.honeywell.com/en-us/products/by-category/gas-and-flame-detection/industrial-fixed/ha72-controller
https://safety.honeywell.com/en-us/products/by-brand/honeywell/honeywell-bw-clip4,https://safety.honeywell.com/en-us/products/by-category/gas-and-flame-detection/portables/honeywell-bw-clip4
https://safety.honeywell.com/en-us/products/by-brand/honeywell/honeywell-bw-max-xt-ll,https://safety.honeywell.com/en-us/products/by-category/gas-and-flame-detection/portables/honeywell-bw-max-xt-ll
https://safety.honeywell.com/en-us/products/by-brand/honeywell/honeywell-bw-microclip-series,https://safety.honeywell.com/en-us/products/by-category/gas-and-flame-detection/portables/honeywell-bw-microclip-series
https://safety.honeywell.com/en-us/products/by-brand/honeywell/honeywell-bw-solo,https://safety.honeywell.com/en-us/products/by-category/gas-and-flame-detection/portables/honeywell-bw-solo
https://safety.honeywell.com/en-us/products/by-brand/honeywell/honeywell-bw-ultra,https://safety.honeywell.com/en-us/products/by-category/gas-and-flame-detection/portables/honeywell-bw-ultra
https://safety.honeywell.com/en-us/products/by-brand/honeywell/honeywell-titan-scba-niosh-cbrn-facepiece,https://safety.honeywell.com/en-us/products/by-hazard/biohazard/honeywell-titan-scba-niosh-cbrn-facepiece
https://safety.honeywell.com/en-us/products/by-brand/honeywell/honeywell-titan-scba-niosh-communications,https://safety.honeywell.com/en-us/products/by-hazard/biohazard/honeywell-titan-scba-niosh-communications
https://safety.honeywell.com/en-us/products/by-brand/honeywell/honeywell-titan-scba-niosh-cylinder,https://safety.honeywell.com/en-us/products/by-hazard/biohazard/honeywell-titan-scba-niosh-communications
https://safety.honeywell.com/en-us/products/by-brand/honeywell/honeywell-titan-scba-niosh-harness-assemblies,https://safety.honeywell.com/en-us/products/by-hazard/biohazard/honeywell-titan-scba-niosh-harness-assemblies
https://safety.honeywell.com/en-us/products/by-brand/honeywell/honeywell-titan-scba-niosh-spare-cylinder,https://safety.honeywell.com/en-us/products/by-hazard/biohazard/honeywell-titan-scba-niosh-spare-cylinder
https://safety.honeywell.com/en-us/products/by-brand/honeywell/intellidox,https://safety.honeywell.com/en-us/products/by-category/gas-and-flame-detection/portables/intellidox
https://safety.honeywell.com/en-us/products/by-brand/honeywell/microdock-ii-dock-calibration-system,https://safety.honeywell.com/en-us/products/by-category/gas-and-flame-detection/portables/microdock-ii-dock-calibration-system
https://safety.honeywell.com/en-us/products/by-brand/honeywell/midas-gas-detector,https://safety.honeywell.com/en-us/products/by-category/gas-and-flame-detection/high-tech-and-government-systems/midas-gas-detector
https://safety.honeywell.com/en-us/products/by-brand/honeywell/northflex--cold-grip-plus-5,https://safety.honeywell.com/en-us/products/by-category/hand-protection/gloves/northflex--cold-grip-plus-5
https://safety.honeywell.com/en-us/products/by-brand/honeywell/oeld-optima-excel-local-display,https://safety.honeywell.com/en-us/products/by-category/gas-and-flame-detection/industrial-fixed/oeld-optima-excel-local-display
https://safety.honeywell.com/en-us/products/by-brand/honeywell/raeguard-2-pid,https://safety.honeywell.com/en-us/products/by-category/gas-and-flame-detection/industrial-fixed/raeguard-2-pid
https://safety.honeywell.com/en-us/products/by-brand/honeywell/searchline-excel-open-path-infrared-gas-detector,https://safety.honeywell.com/en-us/products/by-category/gas-and-flame-detection/industrial-fixed/searchline-excel-open-path-infrared-gas-detector
https://safety.honeywell.com/en-us/products/by-brand/honeywell/searchpoint-optima-plus-point-infrared-gas-detector,https://safety.honeywell.com/en-us/products/by-category/gas-and-flame-detection/industrial-fixed/searchpoint-optima-plus-point-infrared-gas-detector
https://safety.honeywell.com/en-us/products/by-brand/honeywell/sensepoint-flammable-and-toxic-gas-detector,https://safety.honeywell.com/en-us/products/by-category/gas-and-flame-detection/industrial-fixed/sensepoint-flammable-and-toxic-gas-detector
https://safety.honeywell.com/en-us/products/by-brand/honeywell/sensepoint-xcd,https://safety.honeywell.com/en-us/products/by-category/gas-and-flame-detection/industrial-fixed/sensepoint-xcd
https://safety.honeywell.com/en-us/products/by-brand/honeywell/sensepoint-xcd-rfd,https://safety.honeywell.com/en-us/products/by-category/gas-and-flame-detection/industrial-fixed/sensepoint-xcd-rfd
https://safety.honeywell.com/en-us/products/by-brand/honeywell/sensepoint-xcd-rtd,https://safety.honeywell.com/en-us/products/by-category/gas-and-flame-detection/industrial-fixed/sensepoint-xcd-rtd
https://safety.honeywell.com/en-us/products/by-brand/honeywell/series-3000-mkll-and-mklll-transmitters-with-sensor,https://safety.honeywell.com/en-us/products/by-category/gas-and-flame-detection/industrial-fixed/series-3000-mkll-and-mklll-transmitters-with-sensor
https://safety.honeywell.com/en-us/products/by-brand/honeywell/signalpoint-flammable-and-toxic-gas-detector,https://safety.honeywell.com/en-us/products/by-category/gas-and-flame-detection/industrial-fixed/signalpoint-flammable-and-toxic-gas-detector
https://safety.honeywell.com/en-us/products/by-brand/honeywell/spm-flex,https://safety.honeywell.com/en-us/products/by-category/gas-and-flame-detection/high-tech-and-government-systems/spm-flex
https://safety.honeywell.com/en-us/products/by-brand/honeywell/touchpoint-pro-controller,https://safety.honeywell.com/en-us/products/by-category/gas-and-flame-detection/industrial-fixed/touchpoint-pro-controller
https://safety.honeywell.com/en-us/products/by-brand/honeywell/unipoint-controller,https://safety.honeywell.com/en-us/products/by-category/gas-and-flame-detection/industrial-fixed/unipoint-controller
https://safety.honeywell.com/en-us/products/by-brand/honeywell/vertex-multi-point-toxic-gas-monitoring-system,https://safety.honeywell.com/en-us/products/by-category/gas-and-flame-detection/high-tech-and-government-systems/vertex-multi-point-toxic-gas-monitoring-system
https://safety.honeywell.com/en-us/products/by-brand/honeywell/xnx-universal-transmitter,https://safety.honeywell.com/en-us/products/by-category/gas-and-flame-detection/industrial-fixed/xnx-universal-transmitter
https://safety.honeywell.com/en-us/products/by-brand/raesystems/arearae-plus,https://safety.honeywell.com/en-us/products/by-category/gas-and-flame-detection/portables/arearae-plus
https://safety.honeywell.com/en-us/products/by-brand/raesystems/arearae-pro,https://safety.honeywell.com/en-us/products/by-category/gas-and-flame-detection/portables/arearae-pro
https://safety.honeywell.com/en-us/products/by-brand/raesystems/arearae-rapid-deployment-kit-rdk,https://safety.honeywell.com/en-us/products/by-category/gas-and-flame-detection/portables/arearae-rapid-deployment-kit-rdk
https://safety.honeywell.com/en-us/products/by-brand/raesystems/autorae-2,https://safety.honeywell.com/en-us/products/by-category/gas-and-flame-detection/portables/autorae-2
https://safety.honeywell.com/en-us/products/by-brand/raesystems/meshguard-ec,https://safety.honeywell.com/en-us/products/by-category/gas-and-flame-detection/portables/meshguard-ec
https://safety.honeywell.com/en-us/products/by-brand/raesystems/meshguard-lel-and-meshguard-lel-ir,https://safety.honeywell.com/en-us/products/by-category/gas-and-flame-detection/industrial-fixed/meshguard-lel-and-meshguard-lel-ir
https://safety.honeywell.com/en-us/products/by-brand/raesystems/microrae,https://safety.honeywell.com/en-us/products/by-category/gas-and-flame-detection/portables/microrae
https://safety.honeywell.com/en-us/products/by-brand/raesystems/minirae-3000-,https://safety.honeywell.com/en-us/products/by-category/gas-and-flame-detection/portables/minirae-3000-
https://safety.honeywell.com/en-us/products/by-brand/raesystems/minirae-lite-,https://safety.honeywell.com/en-us/products/by-category/gas-and-flame-detection/portables/minirae-lite-
https://safety.honeywell.com/en-us/products/by-brand/raesystems/multirae,https://safety.honeywell.com/en-us/products/by-category/gas-and-flame-detection/portables/multirae
https://safety.honeywell.com/en-us/products/by-brand/raesystems/multirae-benzene,https://safety.honeywell.com/en-us/products/by-category/gas-and-flame-detection/portables/multirae-benzene
https://safety.honeywell.com/en-us/products/by-brand/raesystems/multirae-lite-pumped,https://safety.honeywell.com/en-us/products/by-category/gas-and-flame-detection/portables/multirae-lite-pumped
https://safety.honeywell.com/en-us/products/by-brand/raesystems/multirae-pro,https://safety.honeywell.com/en-us/products/by-category/gas-and-flame-detection/portables/multirae-pro
https://safety.honeywell.com/en-us/products/by-brand/raesystems/ppbrae-3000-,https://safety.honeywell.com/en-us/products/by-category/gas-and-flame-detection/portables/ppbrae-3000-
https://safety.honeywell.com/en-us/products/by-brand/raesystems/qrae-3,https://safety.honeywell.com/en-us/products/by-category/gas-and-flame-detection/portables/qrae-3
https://safety.honeywell.com/en-us/products/by-brand/raesystems/raeguard-2-pid,https://safety.honeywell.com/en-us/products/by-category/gas-and-flame-detection/industrial-fixed/raeguard-2-pid
https://safety.honeywell.com/en-us/products/by-brand/raesystems/touchpoint-plus-wireless-controller,https://safety.honeywell.com/en-us/products/by-category/gas-and-flame-detection/industrial-fixed/touchpoint-plus-wireless-controller
https://safety.honeywell.com/en-us/products/by-brand/raesystems/toxirae-3,https://safety.honeywell.com/en-us/products/by-category/gas-and-flame-detection/portables/toxirae-3
https://safety.honeywell.com/en-us/products/by-brand/raesystems/toxirae-pro-co2,https://safety.honeywell.com/en-us/products/by-category/gas-and-flame-detection/portables/toxirae-pro-co2
https://safety.honeywell.com/en-us/products/by-brand/raesystems/toxirae-pro-family,https://safety.honeywell.com/en-us/products/by-category/gas-and-flame-detection/portables/toxirae-pro-family
https://safety.honeywell.com/en-us/products/by-brand/raesystems/toxirae-pro-lel,https://safety.honeywell.com/en-us/products/by-category/gas-and-flame-detection/portables/toxirae-pro-lel
https://safety.honeywell.com/en-us/products/by-brand/raesystems/toxirae-pro-pid,https://safety.honeywell.com/en-us/products/by-category/gas-and-flame-detection/portables/toxirae-pro-pid
https://safety.honeywell.com/en-us/products/by-brand/raesystems/ultrarae-3000-,https://safety.honeywell.com/en-us/products/by-category/gas-and-flame-detection/portables/ultrarae-3000-
https://safety.honeywell.com/en-us/products/by-category/gas-and-flame-detection/commercial-gas-detection/sensepoint-xcl,https://safety.honeywell.com/en-us/products/by-category/gas-and-flame-detection/industrial-fixed/sensepoint-xcl
https://safety.honeywell.com/en-us/products/by-category/gas-and-flame-detection/portables/docks/autorae-2,https://safety.honeywell.com/en-us/products/by-category/gas-and-flame-detection/portables/autorae-2
https://safety.honeywell.com/en-us/products/by-category/hand-protection/gloves/nitriguard-plus--la258g,https://safety.honeywell.com/en-us/products/by-category/hand-protection/gloves/nitriguard-plus--la258g
https://safety.honeywell.com/en-us/products/by-hazard/abrasion-resistant/northflex--cold-grip-plus-5,https://safety.honeywell.com/en-us/products/by-category/hand-protection/gloves/northflex--cold-grip-plus-5
https://safety.honeywell.com/en-us/products/by-hazard/biohazard/honeywell-bw-solo,https://safety.honeywell.com/en-us/products/by-category/gas-and-flame-detection/portables/honeywell-bw-solo
https://safety.honeywell.com/en-us/products/by-hazard/biohazard/honeywell-bw-ultra,https://safety.honeywell.com/en-us/products/by-category/gas-and-flame-detection/portables/honeywell-bw-ultra
https://safety.honeywell.com/en-us/products/by-hazard/biohazard/microrae,https://safety.honeywell.com/en-us/products/by-category/gas-and-flame-detection/portables/microrae
https://safety.honeywell.com/en-us/products/by-hazard/biohazard/midas-gas-detector,https://safety.honeywell.com/en-us/products/by-category/gas-and-flame-detection/high-tech-and-government-systems/midas-gas-detector
https://safety.honeywell.com/en-us/products/by-hazard/biohazard/multirae,https://safety.honeywell.com/en-us/products/by-category/gas-and-flame-detection/portables/multirae
https://safety.honeywell.com/en-us/products/by-hazard/biohazard/multirae-benzene,https://safety.honeywell.com/en-us/products/by-category/gas-and-flame-detection/portables/multirae-benzene
https://safety.honeywell.com/en-us/products/by-hazard/biohazard/multirae-pro,https://safety.honeywell.com/en-us/products/by-category/gas-and-flame-detection/portables/multirae-pro
https://safety.honeywell.com/en-us/products/by-hazard/biohazard/searchpoint-optima-plus-point-infrared-gas-detector,https://safety.honeywell.com/en-us/products/by-category/gas-and-flame-detection/industrial-fixed/searchpoint-optima-plus-point-infrared-gas-detector
https://safety.honeywell.com/en-us/products/by-hazard/biohazard/sensepoint-flammable-and-toxic-gas-detector,https://safety.honeywell.com/en-us/products/by-category/gas-and-flame-detection/industrial-fixed/sensepoint-flammable-and-toxic-gas-detector
https://safety.honeywell.com/en-us/products/by-hazard/biohazard/spm-flex,https://safety.honeywell.com/en-us/products/by-category/gas-and-flame-detection/high-tech-and-government-systems/spm-flex
https://safety.honeywell.com/en-us/products/by-hazard/biohazard/toxirae-pro-co2,https://safety.honeywell.com/en-us/products/by-category/gas-and-flame-detection/portables/toxirae-pro-co2
https://safety.honeywell.com/en-us/products/by-hazard/biohazard/toxirae-pro-family,https://safety.honeywell.com/en-us/products/by-category/gas-and-flame-detection/portables/toxirae-pro-family
https://safety.honeywell.com/en-us/products/by-hazard/biohazard/toxirae-pro-pid,https://safety.honeywell.com/en-us/products/by-category/gas-and-flame-detection/portables/toxirae-pro-pid
https://safety.honeywell.com/en-us/products/by-hazard/biohazard/xnx-universal-transmitter,https://safety.honeywell.com/en-us/products/by-category/gas-and-flame-detection/industrial-fixed/xnx-universal-transmitter
https://safety.honeywell.com/en-us/products/by-hazard/confined-space/arearae-plus,https://safety.honeywell.com/en-us/products/by-category/gas-and-flame-detection/portables/arearae-plus
https://safety.honeywell.com/en-us/products/by-hazard/confined-space/arearae-pro,https://safety.honeywell.com/en-us/products/by-category/gas-and-flame-detection/portables/arearae-pro
https://safety.honeywell.com/en-us/products/by-hazard/confined-space/honeywell-bw-clip4,https://safety.honeywell.com/en-us/products/by-category/gas-and-flame-detection/portables/honeywell-bw-clip4
https://safety.honeywell.com/en-us/products/by-hazard/confined-space/honeywell-bw-ultra,https://safety.honeywell.com/en-us/products/by-category/gas-and-flame-detection/portables/honeywell-bw-ultra
https://safety.honeywell.com/en-us/products/by-hazard/confined-space/microrae,https://safety.honeywell.com/en-us/products/by-category/gas-and-flame-detection/portables/microrae
https://safety.honeywell.com/en-us/products/by-hazard/confined-space/miller-durahoist-portable-confined-space-system,https://safety.honeywell.com/en-us/products/by-category/fall-protection/rescue-and-descent/miller-durahoist-portable-confined-space-system
https://safety.honeywell.com/en-us/products/by-hazard/confined-space/miller-standard-non-stretch-harnesses,https://safety.honeywell.com/en-us/products/by-category/fall-protection/harnesses-belts-and-accessories/miller-standard-non-stretch-harnesses
https://safety.honeywell.com/en-us/products/by-hazard/confined-space/miller-titan-ii-t-flex-stretchable-harnesses,https://safety.honeywell.com/en-us/products/by-category/fall-protection/harnesses-belts-and-accessories/miller-titan-ii-t-flex-stretchable-harnesses
https://safety.honeywell.com/en-us/products/by-hazard/confined-space/multirae,https://safety.honeywell.com/en-us/products/by-category/gas-and-flame-detection/portables/multirae
https://safety.honeywell.com/en-us/products/by-hazard/confined-space/multirae-benzene,https://safety.honeywell.com/en-us/products/by-category/gas-and-flame-detection/portables/multirae-benzene
https://safety.honeywell.com/en-us/products/by-hazard/confined-space/multirae-pro,https://safety.honeywell.com/en-us/products/by-category/gas-and-flame-detection/portables/multirae-pro
https://safety.honeywell.com/en-us/products/by-hazard/confined-space/spm-flex,https://safety.honeywell.com/en-us/products/by-category/gas-and-flame-detection/high-tech-and-government-systems/spm-flex
https://safety.honeywell.com/en-us/products/by-hazard/confined-space/toxirae-pro-co2,https://safety.honeywell.com/en-us/products/by-category/gas-and-flame-detection/portables/toxirae-pro-co2
https://safety.honeywell.com/en-us/products/by-hazard/confined-space/toxirae-pro-pid,https://safety.honeywell.com/en-us/products/by-category/gas-and-flame-detection/portables/toxirae-pro-pid
https://safety.honeywell.com/en-us/products/by-hazard/contamination/honeywell-bw-solo,https://safety.honeywell.com/en-us/products/by-category/gas-and-flame-detection/portables/honeywell-bw-solo
https://safety.honeywell.com/en-us/products/by-hazard/contamination/honeywell-bw-ultra,https://safety.honeywell.com/en-us/products/by-category/gas-and-flame-detection/portables/honeywell-bw-ultra
https://safety.honeywell.com/en-us/products/by-hazard/contamination/multirae,https://safety.honeywell.com/en-us/products/by-category/gas-and-flame-detection/portables/multirae
https://safety.honeywell.com/en-us/products/by-hazard/contamination/multirae-benzene,https://safety.honeywell.com/en-us/products/by-category/gas-and-flame-detection/portables/multirae-benzene
https://safety.honeywell.com/en-us/products/by-hazard/contamination/multirae-lite-pumped,https://safety.honeywell.com/en-us/products/by-category/gas-and-flame-detection/portables/multirae-lite-pumped
https://safety.honeywell.com/en-us/products/by-hazard/contamination/multirae-pro,https://safety.honeywell.com/en-us/products/by-category/gas-and-flame-detection/portables/multirae-pro
https://safety.honeywell.com/en-us/products/by-hazard/contamination/searchpoint-optima-plus-point-infrared-gas-detector,https://safety.honeywell.com/en-us/products/by-category/gas-and-flame-detection/industrial-fixed/searchpoint-optima-plus-point-infrared-gas-detector
https://safety.honeywell.com/en-us/products/by-hazard/contamination/sensepoint-flammable-and-toxic-gas-detector,https://safety.honeywell.com/en-us/products/by-category/gas-and-flame-detection/industrial-fixed/sensepoint-flammable-and-toxic-gas-detector
https://safety.honeywell.com/en-us/products/by-hazard/contamination/spm-flex,https://safety.honeywell.com/en-us/products/by-category/gas-and-flame-detection/high-tech-and-government-systems/spm-flex
https://safety.honeywell.com/en-us/products/by-hazard/contamination/toxirae-pro-co2,https://safety.honeywell.com/en-us/products/by-category/gas-and-flame-detection/portables/toxirae-pro-co2
https://safety.honeywell.com/en-us/products/by-hazard/contamination/toxirae-pro-pid,https://safety.honeywell.com/en-us/products/by-category/gas-and-flame-detection/portables/toxirae-pro-pid
https://safety.honeywell.com/en-us/products/by-hazard/contamination/xnx-universal-transmitter,https://safety.honeywell.com/en-us/products/by-category/gas-and-flame-detection/industrial-fixed/xnx-universal-transmitter
https://safety.honeywell.com/en-us/products/by-hazard/cut-and-puncture/northflex--cold-grip-plus-5,https://safety.honeywell.com/en-us/products/by-category/hand-protection/gloves/northflex--cold-grip-plus-5
https://safety.honeywell.com/en-us/products/by-hazard/electrical-and-arc-flash/honeywell-bw-clip4,https://safety.honeywell.com/en-us/products/by-category/gas-and-flame-detection/portables/honeywell-bw-clip4
https://safety.honeywell.com/en-us/products/by-hazard/electrical-and-arc-flash/honeywell-bw-microclip-series,https://safety.honeywell.com/en-us/products/by-category/gas-and-flame-detection/portables/honeywell-bw-microclip-series
https://safety.honeywell.com/en-us/products/by-hazard/electrical-and-arc-flash/microrae,https://safety.honeywell.com/en-us/products/by-category/gas-and-flame-detection/portables/microrae
https://safety.honeywell.com/en-us/products/by-hazard/electrical-and-arc-flash/multirae,https://safety.honeywell.com/en-us/products/by-category/gas-and-flame-detection/portables/multirae
https://safety.honeywell.com/en-us/products/by-hazard/electrical-and-arc-flash/multirae-benzene,https://safety.honeywell.com/en-us/products/by-category/gas-and-flame-detection/portables/multirae-benzene
https://safety.honeywell.com/en-us/products/by-hazard/electrical-and-arc-flash/multirae-lite-pumped,https://safety.honeywell.com/en-us/products/by-category/gas-and-flame-detection/portables/multirae-lite-pumped
https://safety.honeywell.com/en-us/products/by-hazard/electrical-and-arc-flash/multirae-pro,https://safety.honeywell.com/en-us/products/by-category/gas-and-flame-detection/portables/multirae-pro
https://safety.honeywell.com/en-us/products/by-hazard/electrical-and-arc-flash/qrae-3,https://safety.honeywell.com/en-us/products/by-category/gas-and-flame-detection/portables/qrae-3
https://safety.honeywell.com/en-us/products/by-hazard/electrical-and-arc-flash/searchline-excel-open-path-infrared-gas-detector,https://safety.honeywell.com/en-us/products/by-category/gas-and-flame-detection/industrial-fixed/searchline-excel-open-path-infrared-gas-detector
https://safety.honeywell.com/en-us/products/by-hazard/electrical-and-arc-flash/searchpoint-optima-plus-point-infrared-gas-detector,https://safety.honeywell.com/en-us/products/by-category/gas-and-flame-detection/industrial-fixed/searchpoint-optima-plus-point-infrared-gas-detector
https://safety.honeywell.com/en-us/products/by-hazard/electrical-and-arc-flash/sensepoint-flammable-and-toxic-gas-detector,https://safety.honeywell.com/en-us/products/by-category/gas-and-flame-detection/industrial-fixed/sensepoint-flammable-and-toxic-gas-detector
https://safety.honeywell.com/en-us/products/by-hazard/electrical-and-arc-flash/sensepoint-xcd,https://safety.honeywell.com/en-us/products/by-category/gas-and-flame-detection/industrial-fixed/sensepoint-xcd
https://safety.honeywell.com/en-us/products/by-hazard/electrical-and-arc-flash/sensepoint-xcd-rfd,https://safety.honeywell.com/en-us/products/by-category/gas-and-flame-detection/industrial-fixed/sensepoint-xcd-rfd
https://safety.honeywell.com/en-us/products/by-hazard/electrical-and-arc-flash/sensepoint-xcd-rtd,https://safety.honeywell.com/en-us/products/by-category/gas-and-flame-detection/industrial-fixed/sensepoint-xcd-rtd
https://safety.honeywell.com/en-us/products/by-hazard/explosion/arearae-pro,https://safety.honeywell.com/en-us/products/by-category/gas-and-flame-detection/portables/arearae-pro
https://safety.honeywell.com/en-us/products/by-hazard/explosion/honeywell-bw-clip4,https://safety.honeywell.com/en-us/products/by-category/gas-and-flame-detection/portables/honeywell-bw-clip4
https://safety.honeywell.com/en-us/products/by-hazard/explosion/honeywell-bw-microclip-series,https://safety.honeywell.com/en-us/products/by-category/gas-and-flame-detection/portables/honeywell-bw-microclip-series
https://safety.honeywell.com/en-us/products/by-hazard/explosion/meshguard-ec,https://safety.honeywell.com/en-us/products/by-category/gas-and-flame-detection/portables/meshguard-ec
https://safety.honeywell.com/en-us/products/by-hazard/explosion/meshguard-lel-and-meshguard-lel-ir,https://safety.honeywell.com/en-us/products/by-category/gas-and-flame-detection/industrial-fixed/meshguard-lel-and-meshguard-lel-ir
https://safety.honeywell.com/en-us/products/by-hazard/explosion/microrae,https://safety.honeywell.com/en-us/products/by-category/gas-and-flame-detection/portables/microrae
https://safety.honeywell.com/en-us/products/by-hazard/explosion/multirae,https://safety.honeywell.com/en-us/products/by-category/gas-and-flame-detection/portables/multirae
https://safety.honeywell.com/en-us/products/by-hazard/explosion/multirae-benzene,https://safety.honeywell.com/en-us/products/by-category/gas-and-flame-detection/portables/multirae-benzene
https://safety.honeywell.com/en-us/products/by-hazard/explosion/multirae-lite-pumped,https://safety.honeywell.com/en-us/products/by-category/gas-and-flame-detection/portables/multirae-lite-pumped
https://safety.honeywell.com/en-us/products/by-hazard/explosion/multirae-pro,https://safety.honeywell.com/en-us/products/by-category/gas-and-flame-detection/portables/multirae-pro
https://safety.honeywell.com/en-us/products/by-hazard/explosion/qrae-3,https://safety.honeywell.com/en-us/products/by-category/gas-and-flame-detection/portables/qrae-3
https://safety.honeywell.com/en-us/products/by-hazard/explosion/searchline-excel-open-path-infrared-gas-detector,https://safety.honeywell.com/en-us/products/by-category/gas-and-flame-detection/industrial-fixed/searchline-excel-open-path-infrared-gas-detector
https://safety.honeywell.com/en-us/products/by-hazard/explosion/searchpoint-optima-plus-point-infrared-gas-detector,https://safety.honeywell.com/en-us/products/by-category/gas-and-flame-detection/industrial-fixed/searchpoint-optima-plus-point-infrared-gas-detector
https://safety.honeywell.com/en-us/products/by-hazard/explosion/sensepoint-flammable-and-toxic-gas-detector,https://safety.honeywell.com/en-us/products/by-category/gas-and-flame-detection/industrial-fixed/sensepoint-flammable-and-toxic-gas-detector
https://safety.honeywell.com/en-us/products/by-hazard/explosion/sensepoint-xcd,https://safety.honeywell.com/en-us/products/by-category/gas-and-flame-detection/industrial-fixed/sensepoint-xcd
https://safety.honeywell.com/en-us/products/by-hazard/explosion/sensepoint-xcd-rfd,https://safety.honeywell.com/en-us/products/by-category/gas-and-flame-detection/industrial-fixed/sensepoint-xcd-rfd
https://safety.honeywell.com/en-us/products/by-hazard/explosion/sensepoint-xcd-rtd,https://safety.honeywell.com/en-us/products/by-category/gas-and-flame-detection/industrial-fixed/sensepoint-xcd-rtd
https://safety.honeywell.com/en-us/products/by-hazard/explosion/series-3000-mkll-and-mklll-transmitters-with-sensor,https://safety.honeywell.com/en-us/products/by-category/gas-and-flame-detection/industrial-fixed/series-3000-mkll-and-mklll-transmitters-with-sensor
https://safety.honeywell.com/en-us/products/by-hazard/explosion/touchpoint-pro-controller,https://safety.honeywell.com/en-us/products/by-category/gas-and-flame-detection/industrial-fixed/touchpoint-pro-controller
https://safety.honeywell.com/en-us/products/by-hazard/explosion/toxirae-pro-co2,https://safety.honeywell.com/en-us/products/by-category/gas-and-flame-detection/portables/toxirae-pro-co2
https://safety.honeywell.com/en-us/products/by-hazard/explosion/toxirae-pro-family,https://safety.honeywell.com/en-us/products/by-category/gas-and-flame-detection/portables/toxirae-pro-family
https://safety.honeywell.com/en-us/products/by-hazard/explosion/toxirae-pro-lel,https://safety.honeywell.com/en-us/products/by-category/gas-and-flame-detection/portables/toxirae-pro-lel
https://safety.honeywell.com/en-us/products/by-hazard/explosion/toxirae-pro-pid,https://safety.honeywell.com/en-us/products/by-category/gas-and-flame-detection/portables/toxirae-pro-pid
https://safety.honeywell.com/en-us/products/by-hazard/explosion/xnx-universal-transmitter,https://safety.honeywell.com/en-us/products/by-category/gas-and-flame-detection/industrial-fixed/xnx-universal-transmitter
https://safety.honeywell.com/en-us/products/by-hazard/extreme-environment/arearae-plus,https://safety.honeywell.com/en-us/products/by-category/gas-and-flame-detection/portables/arearae-plus
https://safety.honeywell.com/en-us/products/by-hazard/extreme-environment/arearae-pro,https://safety.honeywell.com/en-us/products/by-category/gas-and-flame-detection/portables/arearae-pro
https://safety.honeywell.com/en-us/products/by-hazard/extreme-environment/bw-clip-series,https://safety.honeywell.com/en-us/products/by-category/gas-and-flame-detection/portables/bw-clip-series
https://safety.honeywell.com/en-us/products/by-hazard/extreme-environment/honeywell-bw-clip4,https://safety.honeywell.com/en-us/products/by-category/gas-and-flame-detection/portables/honeywell-bw-clip4
https://safety.honeywell.com/en-us/products/by-hazard/extreme-environment/honeywell-bw-microclip-series,https://safety.honeywell.com/en-us/products/by-category/gas-and-flame-detection/portables/honeywell-bw-microclip-series
https://safety.honeywell.com/en-us/products/by-hazard/extreme-environment/honeywell-bw-solo,https://safety.honeywell.com/en-us/products/by-category/gas-and-flame-detection/portables/honeywell-bw-solo
https://safety.honeywell.com/en-us/products/by-hazard/extreme-environment/honeywell-bw-ultra,https://safety.honeywell.com/en-us/products/by-category/gas-and-flame-detection/portables/honeywell-bw-ultra
https://safety.honeywell.com/en-us/products/by-hazard/extreme-environment/meshguard-ec,https://safety.honeywell.com/en-us/products/by-category/gas-and-flame-detection/portables/meshguard-ec
https://safety.honeywell.com/en-us/products/by-hazard/extreme-environment/meshguard-lel-and-meshguard-lel-ir,https://safety.honeywell.com/en-us/products/by-category/gas-and-flame-detection/industrial-fixed/meshguard-lel-and-meshguard-lel-ir
https://safety.honeywell.com/en-us/products/by-hazard/extreme-environment/microrae,https://safety.honeywell.com/en-us/products/by-category/gas-and-flame-detection/portables/microrae
https://safety.honeywell.com/en-us/products/by-hazard/extreme-environment/multirae,https://safety.honeywell.com/en-us/products/by-category/gas-and-flame-detection/portables/multirae
https://safety.honeywell.com/en-us/products/by-hazard/extreme-environment/multirae-benzene,https://safety.honeywell.com/en-us/products/by-category/gas-and-flame-detection/portables/multirae-benzene
https://safety.honeywell.com/en-us/products/by-hazard/extreme-environment/multirae-lite-pumped,https://safety.honeywell.com/en-us/products/by-category/gas-and-flame-detection/portables/multirae-lite-pumped
https://safety.honeywell.com/en-us/products/by-hazard/extreme-environment/multirae-pro,https://safety.honeywell.com/en-us/products/by-category/gas-and-flame-detection/portables/multirae-pro
https://safety.honeywell.com/en-us/products/by-hazard/extreme-environment/qrae-3,https://safety.honeywell.com/en-us/products/by-category/gas-and-flame-detection/portables/qrae-3
https://safety.honeywell.com/en-us/products/by-hazard/extreme-environment/searchline-excel-open-path-infrared-gas-detector,https://safety.honeywell.com/en-us/products/by-category/gas-and-flame-detection/industrial-fixed/searchline-excel-open-path-infrared-gas-detector
https://safety.honeywell.com/en-us/products/by-hazard/extreme-environment/searchpoint-optima-plus-point-infrared-gas-detector,https://safety.honeywell.com/en-us/products/by-category/gas-and-flame-detection/industrial-fixed/searchpoint-optima-plus-point-infrared-gas-detector
https://safety.honeywell.com/en-us/products/by-hazard/extreme-environment/sensepoint-flammable-and-toxic-gas-detector,https://safety.honeywell.com/en-us/products/by-category/gas-and-flame-detection/industrial-fixed/sensepoint-flammable-and-toxic-gas-detector
https://safety.honeywell.com/en-us/products/by-hazard/extreme-environment/sensepoint-xcd,https://safety.honeywell.com/en-us/products/by-category/gas-and-flame-detection/industrial-fixed/sensepoint-xcd
https://safety.honeywell.com/en-us/products/by-hazard/extreme-environment/sensepoint-xcd-rfd,https://safety.honeywell.com/en-us/products/by-category/gas-and-flame-detection/industrial-fixed/sensepoint-xcd-rfd
https://safety.honeywell.com/en-us/products/by-hazard/extreme-environment/sensepoint-xcd-rtd,https://safety.honeywell.com/en-us/products/by-category/gas-and-flame-detection/industrial-fixed/sensepoint-xcd-rtd
https://safety.honeywell.com/en-us/products/by-hazard/extreme-environment/series-3000-mkll-and-mklll-transmitters-with-sensor,https://safety.honeywell.com/en-us/products/by-category/gas-and-flame-detection/industrial-fixed/series-3000-mkll-and-mklll-transmitters-with-sensor
https://safety.honeywell.com/en-us/products/by-hazard/extreme-environment/touchpoint-pro-controller,https://safety.honeywell.com/en-us/products/by-category/gas-and-flame-detection/industrial-fixed/touchpoint-pro-controller
https://safety.honeywell.com/en-us/products/by-hazard/extreme-environment/toxirae-pro-co2,https://safety.honeywell.com/en-us/products/by-category/gas-and-flame-detection/portables/toxirae-pro-co2
https://safety.honeywell.com/en-us/products/by-hazard/extreme-environment/toxirae-pro-family,https://safety.honeywell.com/en-us/products/by-category/gas-and-flame-detection/portables/toxirae-pro-family
https://safety.honeywell.com/en-us/products/by-hazard/extreme-environment/toxirae-pro-lel,https://safety.honeywell.com/en-us/products/by-category/gas-and-flame-detection/portables/toxirae-pro-lel
https://safety.honeywell.com/en-us/products/by-hazard/extreme-environment/xnx-universal-transmitter,https://safety.honeywell.com/en-us/products/by-category/gas-and-flame-detection/industrial-fixed/xnx-universal-transmitter
https://safety.honeywell.com/en-us/products/by-hazard/fall-from-height/miller-durahoist-portable-confined-space-system,https://safety.honeywell.com/en-us/products/by-category/fall-protection/rescue-and-descent/miller-durahoist-portable-confined-space-system
https://safety.honeywell.com/en-us/products/by-hazard/fall-from-height/miller-standard-non-stretch-harnesses,https://safety.honeywell.com/en-us/products/by-category/fall-protection/harnesses-belts-and-accessories/miller-standard-non-stretch-harnesses
https://safety.honeywell.com/en-us/products/by-hazard/fall-from-height/miller-titan-ii-t-flex-stretchable-harnesses,https://safety.honeywell.com/en-us/products/by-category/fall-protection/harnesses-belts-and-accessories/miller-titan-ii-t-flex-stretchable-harnesses
https://safety.honeywell.com/en-us/products/by-hazard/fire/arearae-plus,https://safety.honeywell.com/en-us/products/by-category/gas-and-flame-detection/portables/arearae-plus
https://safety.honeywell.com/en-us/products/by-hazard/fire/arearae-pro,https://safety.honeywell.com/en-us/products/by-category/gas-and-flame-detection/portables/arearae-pro
https://safety.honeywell.com/en-us/products/by-hazard/fire/bw-clip-series,https://safety.honeywell.com/en-us/products/by-category/gas-and-flame-detection/portables/bw-clip-series
https://safety.honeywell.com/en-us/products/by-hazard/fire/honeywell-bw-clip4,https://safety.honeywell.com/en-us/products/by-category/gas-and-flame-detection/portables/honeywell-bw-clip4
https://safety.honeywell.com/en-us/products/by-hazard/fire/honeywell-bw-microclip-series,https://safety.honeywell.com/en-us/products/by-category/gas-and-flame-detection/portables/honeywell-bw-microclip-series
https://safety.honeywell.com/en-us/products/by-hazard/fire/honeywell-bw-solo,https://safety.honeywell.com/en-us/products/by-category/gas-and-flame-detection/portables/honeywell-bw-solo
https://safety.honeywell.com/en-us/products/by-hazard/fire/honeywell-bw-ultra,https://safety.honeywell.com/en-us/products/by-category/gas-and-flame-detection/portables/honeywell-bw-ultra
https://safety.honeywell.com/en-us/products/by-hazard/fire/microrae,https://safety.honeywell.com/en-us/products/by-category/gas-and-flame-detection/portables/microrae
https://safety.honeywell.com/en-us/products/by-hazard/fire/multirae,https://safety.honeywell.com/en-us/products/by-category/gas-and-flame-detection/portables/multirae
https://safety.honeywell.com/en-us/products/by-hazard/fire/multirae-benzene,https://safety.honeywell.com/en-us/products/by-category/gas-and-flame-detection/portables/multirae-benzene
https://safety.honeywell.com/en-us/products/by-hazard/fire/multirae-pro,https://safety.honeywell.com/en-us/products/by-category/gas-and-flame-detection/portables/multirae-pro
https://safety.honeywell.com/en-us/products/by-hazard/fire/qrae-3,https://safety.honeywell.com/en-us/products/by-category/gas-and-flame-detection/portables/qrae-3
https://safety.honeywell.com/en-us/products/by-hazard/fire/sensepoint-flammable-and-toxic-gas-detector,https://safety.honeywell.com/en-us/products/by-category/gas-and-flame-detection/industrial-fixed/sensepoint-flammable-and-toxic-gas-detector
https://safety.honeywell.com/en-us/products/by-hazard/gas-vapors-smoke/bw-clip-series,https://safety.honeywell.com/en-us/products/by-category/gas-and-flame-detection/portables/bw-clip-series
https://safety.honeywell.com/en-us/products/by-hazard/gas-vapors-smoke/honeywell-bw-clip4,https://safety.honeywell.com/en-us/products/by-category/gas-and-flame-detection/portables/honeywell-bw-clip4
https://safety.honeywell.com/en-us/products/by-hazard/gas-vapors-smoke/honeywell-bw-solo,https://safety.honeywell.com/en-us/products/by-category/gas-and-flame-detection/portables/honeywell-bw-solo
https://safety.honeywell.com/en-us/products/by-hazard/gas-vapors-smoke/honeywell-bw-ultra,https://safety.honeywell.com/en-us/products/by-category/gas-and-flame-detection/portables/honeywell-bw-ultra
https://safety.honeywell.com/en-us/products/by-hazard/gas-vapors-smoke/multirae,https://safety.honeywell.com/en-us/products/by-category/gas-and-flame-detection/portables/multirae
https://safety.honeywell.com/en-us/products/by-hazard/gas-vapors-smoke/multirae-benzene,https://safety.honeywell.com/en-us/products/by-category/gas-and-flame-detection/portables/multirae-benzene
https://safety.honeywell.com/en-us/products/by-hazard/gas-vapors-smoke/searchline-excel-open-path-infrared-gas-detector,https://safety.honeywell.com/en-us/products/by-category/gas-and-flame-detection/industrial-fixed/searchline-excel-open-path-infrared-gas-detector
https://safety.honeywell.com/en-us/products/by-hazard/gas-vapors-smoke/searchpoint-optima-plus-point-infrared-gas-detector,https://safety.honeywell.com/en-us/products/by-category/gas-and-flame-detection/industrial-fixed/searchpoint-optima-plus-point-infrared-gas-detector
https://safety.honeywell.com/en-us/products/by-hazard/gas-vapors-smoke/sensepoint-flammable-and-toxic-gas-detector,https://safety.honeywell.com/en-us/products/by-category/gas-and-flame-detection/industrial-fixed/sensepoint-flammable-and-toxic-gas-detector
https://safety.honeywell.com/en-us/products/by-hazard/gas-vapors-smoke/sensepoint-xcd,https://safety.honeywell.com/en-us/products/by-category/gas-and-flame-detection/industrial-fixed/sensepoint-xcd
https://safety.honeywell.com/en-us/products/by-hazard/gas-vapors-smoke/sensepoint-xcd-rfd,https://safety.honeywell.com/en-us/products/by-category/gas-and-flame-detection/industrial-fixed/sensepoint-xcd-rfd
https://safety.honeywell.com/en-us/products/by-hazard/gas-vapors-smoke/sensepoint-xcd-rtd,https://safety.honeywell.com/en-us/products/by-category/gas-and-flame-detection/industrial-fixed/sensepoint-xcd-rfd
https://safety.honeywell.com/en-us/products/by-hazard/gas-vapors-smoke/series-3000-mkll-and-mklll-transmitters-with-sensor,https://safety.honeywell.com/en-us/products/by-category/gas-and-flame-detection/industrial-fixed/series-3000-mkll-and-mklll-transmitters-with-sensor
https://safety.honeywell.com/en-us/products/by-hazard/gas-vapors-smoke/touchpoint-pro-controller,https://safety.honeywell.com/en-us/products/by-category/gas-and-flame-detection/industrial-fixed/touchpoint-pro-controller
https://safety.honeywell.com/en-us/products/by-hazard/gas-vapors-smoke/xnx-universal-transmitter,https://safety.honeywell.com/en-us/products/by-category/gas-and-flame-detection/industrial-fixed/xnx-universal-transmitter
https://safety.honeywell.com/en-us/products/by-hazard/thermal/arearae-plus,https://safety.honeywell.com/en-us/products/by-category/gas-and-flame-detection/portables/arearae-plus
https://safety.honeywell.com/en-us/products/by-hazard/thermal/arearae-pro,https://safety.honeywell.com/en-us/products/by-category/gas-and-flame-detection/portables/arearae-pro
https://safety.honeywell.com/en-us/products/by-hazard/thermal/honeywell-bw-clip4,https://safety.honeywell.com/en-us/products/by-category/gas-and-flame-detection/portables/honeywell-bw-clip4
https://safety.honeywell.com/en-us/products/by-hazard/thermal/honeywell-bw-microclip-series,https://safety.honeywell.com/en-us/products/by-category/gas-and-flame-detection/portables/honeywell-bw-microclip-series
https://safety.honeywell.com/en-us/products/by-hazard/thermal/microrae,https://safety.honeywell.com/en-us/products/by-category/gas-and-flame-detection/portables/microrae
https://safety.honeywell.com/en-us/products/by-hazard/thermal/multirae,https://safety.honeywell.com/en-us/products/by-category/gas-and-flame-detection/portables/multirae
https://safety.honeywell.com/en-us/products/by-hazard/thermal/multirae-benzene,https://safety.honeywell.com/en-us/products/by-category/gas-and-flame-detection/portables/multirae-benzene
https://safety.honeywell.com/en-us/products/by-hazard/thermal/multirae-lite-pumped,https://safety.honeywell.com/en-us/products/by-category/gas-and-flame-detection/portables/multirae-lite-pumped
https://safety.honeywell.com/en-us/products/by-hazard/thermal/multirae-pro,https://safety.honeywell.com/en-us/products/by-category/gas-and-flame-detection/portables/multirae-pro
https://safety.honeywell.com/en-us/products/by-hazard/thermal/northflex--cold-grip-plus-5,https://safety.honeywell.com/en-us/products/by-category/hand-protection/gloves/northflex--cold-grip-plus-5
https://safety.honeywell.com/en-us/products/by-hazard/thermal/qrae-3,https://safety.honeywell.com/en-us/products/by-category/gas-and-flame-detection/portables/qrae-3
https://safety.honeywell.com/en-us/products/by-hazard/welding/honeywell-bw-microclip-series,https://safety.honeywell.com/en-us/products/by-category/gas-and-flame-detection/portables/honeywell-bw-microclip-series
https://safety.honeywell.com/en-us/products/by-hazard/welding/microrae,https://safety.honeywell.com/en-us/products/by-category/gas-and-flame-detection/portables/microrae
https://safety.honeywell.com/en-us/products/by-hazard/welding/qrae-3,https://safety.honeywell.com/en-us/products/by-category/gas-and-flame-detection/portables/qrae-3
https://safety.honeywell.com/en-us/products/by-hazard/welding/searchline-excel-open-path-infrared-gas-detector,https://safety.honeywell.com/en-us/products/by-category/gas-and-flame-detection/industrial-fixed/searchline-excel-open-path-infrared-gas-detector
https://safety.honeywell.com/en-us/products/by-hazard/welding/searchpoint-optima-plus-point-infrared-gas-detector,https://safety.honeywell.com/en-us/products/by-category/gas-and-flame-detection/industrial-fixed/searchpoint-optima-plus-point-infrared-gas-detector
https://safety.honeywell.com/en-us/products/by-hazard/welding/sensepoint-flammable-and-toxic-gas-detector,https://safety.honeywell.com/en-us/products/by-category/gas-and-flame-detection/industrial-fixed/sensepoint-flammable-and-toxic-gas-detector
https://safety.honeywell.com/en-us/products/by-hazard/welding/sensepoint-xcd,https://safety.honeywell.com/en-us/products/by-category/gas-and-flame-detection/industrial-fixed/sensepoint-xcd
https://safety.honeywell.com/en-us/products/by-hazard/welding/sensepoint-xcd-rfd,https://safety.honeywell.com/en-us/products/by-category/gas-and-flame-detection/industrial-fixed/sensepoint-xcd-rfd
https://safety.honeywell.com/en-us/products/by-hazard/welding/sensepoint-xcd-rtd,https://safety.honeywell.com/en-us/products/by-category/gas-and-flame-detection/industrial-fixed/sensepoint-xcd-rtd
https://safety.honeywell.com/en-us/products/by-hazard/welding/series-3000-mkll-and-mklll-transmitters-with-sensor,https://safety.honeywell.com/en-us/products/by-category/gas-and-flame-detection/industrial-fixed/series-3000-mkll-and-mklll-transmitters-with-sensor
https://safety.honeywell.com/en-us/products/by-hazard/welding/touchpoint-pro-controller,https://safety.honeywell.com/en-us/products/by-category/gas-and-flame-detection/industrial-fixed/touchpoint-pro-controller
https://safety.honeywell.com/en-us/products/by-hazard/welding/toxirae-pro-family,https://safety.honeywell.com/en-us/products/by-category/gas-and-flame-detection/portables/toxirae-pro-family
https://safety.honeywell.com/en-us/products/by-hazard/welding/toxirae-pro-pid,https://safety.honeywell.com/en-us/products/by-category/gas-and-flame-detection/portables/toxirae-pro-pid
https://safety.honeywell.com/en-us/products/by-hazard/welding/xnx-universal-transmitter,https://safety.honeywell.com/en-us/products/by-category/gas-and-flame-detection/industrial-fixed/xnx-universal-transmitter
